Category,Url,Product Title,SKU,Price,Save percent,Product list price,Image url,Product details,ProductFullDescriptionHtml,Theme,Feature,Number of Sinks,Finish,Type,Countertop Material,Collections,UPC,Sink Shape,Length,Material,Faucet Holes,Number of Basins,Shape,Installation Type,Gallons per Flush,Rough-In,LeverPlacement,Flush Type,Width,Front to Back,Depth,Height,Frame Finish,DoorType,Frame Type,GlassTickness,GlassType,Hardware Finish,Available Options,Manufacturer Resources,Product Gallery,About the Manufacturer,Collection
Home > Bath > All Bath Brands > Duravit>Interior Systems,https://www.kbauthority.com/duravit-uv984500000-4-1-2-x-12-5-8-inch-self-install-dividing-system-including-lid.html,Duravit UV984500000 4 1/2 x 12 5/8 Inch Self-Install Dividing System Including Lid,__@ UV984500000,__@ $102.79,__@  29%,__@ $145.00,https://www.kbauthority.com/images/T/314/UV984500000_Duravit.png,"Duravit UV984500000 4 1/2 x 12 5/8 Inch Self-Install Dividing System Including Lid
	Duravit has been the Proud Recipient of Numerous International Design Awards.These Awards Celebrate Bold Design, which has Become Duravit’s Hallmark over the Years.Each Duravit Designer is a Specialist in His Field – a Prominent Global Innovator with an Inherent Sense for Good Design. Good Design, as Duravit and Its Designers See It, is never at the Expense of Practicality – Neither is Interested in “Design for Design’s Sake”.That’s You, the Bathroom User, and Your Own Set of Needs and Requirements. Thanks to an Ongoing Dialogue with Its Trade Partners and Sanitary Ware Dealers, Duravit is Best Able to Address these Needs and Requirements in the Brand’s Designs. Simply Put, Duravit Recognizes Good Bathroom Design by the Fact that It Seems Specially-Created to Suit All Individual Tastes.This Fusion of Duravit’s Environmentally-Friendly Production Technologies with the Company’s Meticulous Quality Control Results in Products that are Highly Functional and Long-Lasting.At Duravit, Sustainable Materials, Modern Expertise and the Foresight to Recognize What Will be Important Tomorrow Comprise the Essential Ingredients for Beautiful – and Responsible – Living Bathrooms.
Features:
		Dividing System
		Self-Install Dividing System Including Lid
		Black Diamond
		For Vanity Unit
Dimensions:
		Width: 12.625 Inch
		Height: 4.5 Inch
SKU: UV984500000","<div class=""collapsed"" id=""product_fulldescr"" itemprop=""description"">
<div id=""banner-system-R"">
<div class=""banner-wrapper"">
<div class=""banner-system cycle-slideshow"" data-cycle-auto-height=""860:400"" data-cycle-center-horz=""true"" data-cycle-center-vert=""true"" data-cycle-fx=""none"" data-cycle-slides=""&gt; div"" data-cycle-timeout=""5000"" id=""slideshow66"" style=""height: 329.302px;"">
<div class=""slideshow_content_I_228 cycle-slide cycle-slide-active"" style=""position: absolute; top: 0px; left: 0px; z-index: 99; opacity: 1; display: block; visibility: visible; margin-left: 0px; margin-top: 9.5px;"">
<img alt="""" src=""https://www.kbauthority.com/images/A/Produktserie-Duravit-Cape-Cod.jpg""/> </div></div>
</div>
</div>
<p>
<strong>Duravit UV984500000 4 1/2 x 12 5/8 Inch Self-Install Dividing System Including Lid</strong></p>
<p>
	Duravit has been the Proud Recipient of Numerous International Design Awards.These Awards Celebrate Bold Design, which has Become Duravit’s Hallmark over the Years.Each Duravit Designer is a Specialist in His Field – a Prominent Global Innovator with an Inherent Sense for Good Design. Good Design, as Duravit and Its Designers See It, is never at the Expense of Practicality – Neither is Interested in “Design for Design’s Sake”.That’s You, the Bathroom User, and Your Own Set of Needs and Requirements. Thanks to an Ongoing Dialogue with Its Trade Partners and Sanitary Ware Dealers, Duravit is Best Able to Address these Needs and Requirements in the Brand’s Designs. Simply Put, Duravit Recognizes Good Bathroom Design by the Fact that It Seems Specially-Created to Suit All Individual Tastes.This Fusion of Duravit’s Environmentally-Friendly Production Technologies with the Company’s Meticulous Quality Control Results in Products that are Highly Functional and Long-Lasting.At Duravit, Sustainable Materials, Modern Expertise and the Foresight to Recognize What Will be Important Tomorrow Comprise the Essential Ingredients for Beautiful – and Responsible – Living Bathrooms.</p>
<p>
<strong>Features:</strong></p>
<ul>
<li>
		Dividing System</li>
<li>
		Self-Install Dividing System Including Lid</li>
<li>
		Black Diamond</li>
<li>
		For Vanity Unit</li>
</ul>
<p>
<strong>Dimensions:</strong></p>
<ul>
<li>
		Width: 12.625 Inch</li>
<li>
		Height: 4.5 Inch</li>
</ul>
<p>
<strong>SKU: UV984500000</strong></p>
</div>",,,,,,,,__@ 04053424585499,,,,,,,,,,,,,,,,,,,,,,,,,"It all began in Hornberg, Germany in 1817 when Georg Friedrich Horn built an earthenware factory initially focused solely on the manufacture of crockery. In 1956, production evolved from earthenware to porcelain, extending the product range to include sanitary ceramics. This provided a platform for future success and also introduced the sanitary world to a new name: Duravit. Today, Duravit AG operates at an international level and boasts 10 production plants with a workforce of more than 5,000 employees worldwide.",
Home > Bath > All Bath Brands > Duravit>Interior Systems,https://www.kbauthority.com/duravit-uv984600000-4-1-2-x-14-5-8-inch-self-install-dividing-system-including-lid.html,Duravit UV984600000 4 1/2 x 14 5/8 Inch Self-Install Dividing System Including Lid,__@ UV984600000,__@ $125.38,__@  32%,__@ $185.00,https://www.kbauthority.com/images/T/314/UV984600000_Duravit.png,"Duravit UV984600000 4 1/2 x 14 5/8 Inch Self-Install Dividing System Including Lid
	Duravit has been the Proud Recipient of Numerous International Design Awards.These Awards Celebrate Bold Design, which has Become Duravit’s Hallmark over the Years.Each Duravit Designer is a Specialist in His Field – a Prominent Global Innovator with an Inherent Sense for Good Design. Good Design, as Duravit and Its Designers See It, is never at the Expense of Practicality – Neither is Interested in “Design for Design’s Sake”.That’s You, the Bathroom User, and Your Own Set of Needs and Requirements. Thanks to an Ongoing Dialogue with Its Trade Partners and Sanitary Ware Dealers, Duravit is Best Able to Address these Needs and Requirements in the Brand’s Designs. Simply Put, Duravit Recognizes Good Bathroom Design by the Fact that It Seems Specially-Created to Suit All Individual Tastes.This Fusion of Duravit’s Environmentally-Friendly Production Technologies with the Company’s Meticulous Quality Control Results in Products that are Highly Functional and Long-Lasting.At Duravit, Sustainable Materials, Modern Expertise and the Foresight to Recognize What Will be Important Tomorrow Comprise the Essential Ingredients for Beautiful – and Responsible – Living Bathrooms.
Features:
		Dividing System
		Self-Install Dividing System Including Lid
		Black Diamond
		For Vanity Unit for Console and Low Cabinet for Console
Dimensions:
		Width: 14.625 Inch
		Height: 4.5 Inch
SKU: UV984600000","<div class=""collapsed"" id=""product_fulldescr"" itemprop=""description"">
<div id=""banner-system-R"">
<div class=""banner-wrapper"">
<div class=""banner-system cycle-slideshow"" data-cycle-auto-height=""860:400"" data-cycle-center-horz=""true"" data-cycle-center-vert=""true"" data-cycle-fx=""none"" data-cycle-slides=""&gt; div"" data-cycle-timeout=""5000"" id=""slideshow66"" style=""height: 329.302px;"">
<div class=""slideshow_content_I_228 cycle-slide cycle-slide-active"" style=""position: absolute; top: 0px; left: 0px; z-index: 99; opacity: 1; display: block; visibility: visible; margin-left: 0px; margin-top: 9.5px;"">
<img alt="""" src=""https://www.kbauthority.com/images/A/Produktserie-Duravit-Cape-Cod.jpg""/> </div></div>
</div>
</div>
<p>
<strong>Duravit UV984600000 4 1/2 x 14 5/8 Inch Self-Install Dividing System Including Lid</strong></p>
<p>
	Duravit has been the Proud Recipient of Numerous International Design Awards.These Awards Celebrate Bold Design, which has Become Duravit’s Hallmark over the Years.Each Duravit Designer is a Specialist in His Field – a Prominent Global Innovator with an Inherent Sense for Good Design. Good Design, as Duravit and Its Designers See It, is never at the Expense of Practicality – Neither is Interested in “Design for Design’s Sake”.That’s You, the Bathroom User, and Your Own Set of Needs and Requirements. Thanks to an Ongoing Dialogue with Its Trade Partners and Sanitary Ware Dealers, Duravit is Best Able to Address these Needs and Requirements in the Brand’s Designs. Simply Put, Duravit Recognizes Good Bathroom Design by the Fact that It Seems Specially-Created to Suit All Individual Tastes.This Fusion of Duravit’s Environmentally-Friendly Production Technologies with the Company’s Meticulous Quality Control Results in Products that are Highly Functional and Long-Lasting.At Duravit, Sustainable Materials, Modern Expertise and the Foresight to Recognize What Will be Important Tomorrow Comprise the Essential Ingredients for Beautiful – and Responsible – Living Bathrooms.</p>
<p>
<strong>Features:</strong></p>
<ul>
<li>
		Dividing System</li>
<li>
		Self-Install Dividing System Including Lid</li>
<li>
		Black Diamond</li>
<li>
		For Vanity Unit for Console and Low Cabinet for Console</li>
</ul>
<p>
<strong>Dimensions:</strong></p>
<ul>
<li>
		Width: 14.625 Inch</li>
<li>
		Height: 4.5 Inch</li>
</ul>
<p>
<strong>SKU: UV984600000</strong></p>
</div>",,,,,,,,__@ 04053424669533,,,,,,,,,,,,,,,,,,,,,,,,,"It all began in Hornberg, Germany in 1817 when Georg Friedrich Horn built an earthenware factory initially focused solely on the manufacture of crockery. In 1956, production evolved from earthenware to porcelain, extending the product range to include sanitary ceramics. This provided a platform for future success and also introduced the sanitary world to a new name: Duravit. Today, Duravit AG operates at an international level and boasts 10 production plants with a workforce of more than 5,000 employees worldwide.",
Home > Bath > All Bath Brands > Duravit>Interior Systems,https://www.kbauthority.com/duravit-uv9910-7-1-4-x-3-7-8-inch-1-box-material-mix-in-acrylic-glass-and-solid-wood.html,"Duravit UV991007878 7 1/4 x 3 7/8 Inch 1 Box (Material Mix in Acrylic Glass and Solid Wood), Maple",__@ UV991007878,__@ $229.40,__@ 0%,__@ $120.00,https://www.kbauthority.com/images/T/311/UV9910_Duravit.png,"Duravit UV9910 7 1/4 x 3 7/8 Inch 1 Box (Material Mix in Acrylic Glass and Solid Wood)
	Duravit has been the Proud Recipient of Numerous International Design Awards.These Awards Celebrate Bold Design, which has Become Duravit’s Hallmark over the Years.Each Duravit Designer is a Specialist in His Field – a Prominent Global Innovator with an Inherent Sense for Good Design. Good Design, as Duravit and Its Designers See It, is never at the Expense of Practicality – Neither is Interested in “Design for Design’s Sake”.That’s You, the Bathroom User, and Your Own Set of Needs and Requirements. Thanks to an Ongoing Dialogue with Its Trade Partners and Sanitary Ware Dealers, Duravit is Best Able to Address these Needs and Requirements in the Brand’s Designs. Simply Put, Duravit Recognizes Good Bathroom Design by the Fact that It Seems Specially-Created to Suit All Individual Tastes.This Fusion of Duravit’s Environmentally-Friendly Production Technologies with the Company’s Meticulous Quality Control Results in Products that are Highly Functional and Long-Lasting.At Duravit, Sustainable Materials, Modern Expertise and the Foresight to Recognize What Will be Important Tomorrow Comprise the Essential Ingredients for Beautiful – and Responsible – Living Bathrooms.
Features:
		1 Box Material Mix in Acrylic Glass and Solid Wood (Optional in Maple Or Walnut)
Dimensions:
		Width: 7.25 Inch
		Height: 3.875 Inch
Available Finishes:
		American Walnut Solid Wood
		Maple Solid Wood
SKU: UV991007777 UV991007878","<div class=""collapsed"" id=""product_fulldescr"" itemprop=""description"">
<div id=""banner-system-R"">
<div class=""banner-wrapper"">
<div class=""banner-system cycle-slideshow"" data-cycle-auto-height=""860:400"" data-cycle-center-horz=""true"" data-cycle-center-vert=""true"" data-cycle-fx=""none"" data-cycle-slides=""&gt; div"" data-cycle-timeout=""5000"" id=""slideshow66"" style=""height: 329.302px;"">
<div class=""slideshow_content_I_228 cycle-slide cycle-slide-active"" style=""position: absolute; top: 0px; left: 0px; z-index: 99; opacity: 1; display: block; visibility: visible; margin-left: 0px; margin-top: 9.5px;"">
<img alt="""" src=""https://www.kbauthority.com/images/A/Produktserie-Duravit-Cape-Cod.jpg""/> </div></div>
</div>
</div>
<p>
<strong>Duravit UV9910 7 1/4 x 3 7/8 Inch 1 Box (Material Mix in Acrylic Glass and Solid Wood)</strong></p>
<p>
	Duravit has been the Proud Recipient of Numerous International Design Awards.These Awards Celebrate Bold Design, which has Become Duravit’s Hallmark over the Years.Each Duravit Designer is a Specialist in His Field – a Prominent Global Innovator with an Inherent Sense for Good Design. Good Design, as Duravit and Its Designers See It, is never at the Expense of Practicality – Neither is Interested in “Design for Design’s Sake”.That’s You, the Bathroom User, and Your Own Set of Needs and Requirements. Thanks to an Ongoing Dialogue with Its Trade Partners and Sanitary Ware Dealers, Duravit is Best Able to Address these Needs and Requirements in the Brand’s Designs. Simply Put, Duravit Recognizes Good Bathroom Design by the Fact that It Seems Specially-Created to Suit All Individual Tastes.This Fusion of Duravit’s Environmentally-Friendly Production Technologies with the Company’s Meticulous Quality Control Results in Products that are Highly Functional and Long-Lasting.At Duravit, Sustainable Materials, Modern Expertise and the Foresight to Recognize What Will be Important Tomorrow Comprise the Essential Ingredients for Beautiful – and Responsible – Living Bathrooms.</p>
<p>
<strong>Features:</strong></p>
<ul>
<li>
		1 Box Material Mix in Acrylic Glass and Solid Wood (Optional in Maple Or Walnut)</li>
</ul>
<p>
<strong>Dimensions:</strong></p>
<ul>
<li>
		Width: 7.25 Inch</li>
<li>
		Height: 3.875 Inch</li>
</ul>
<p>
<strong>Available Finishes:</strong></p>
<ol>
<li>
		American Walnut Solid Wood</li>
<li>
		Maple Solid Wood</li>
</ol>
<p>
<strong>SKU: UV991007777 UV991007878</strong></p>
</div>",,,,,,,,__@ 04053424179667,,,,,,,,,,,,,,,,,,,,,,UV991007777;UV991007878,,,"It all began in Hornberg, Germany in 1817 when Georg Friedrich Horn built an earthenware factory initially focused solely on the manufacture of crockery. In 1956, production evolved from earthenware to porcelain, extending the product range to include sanitary ceramics. This provided a platform for future success and also introduced the sanitary world to a new name: Duravit. Today, Duravit AG operates at an international level and boasts 10 production plants with a workforce of more than 5,000 employees worldwide.",
Home > Bath > All Bath Brands > Duravit>Interior Systems,https://www.kbauthority.com/duravit-uv9939-4-1-4-x-12-5-8-inch-interior-module-narrow-grooved-storage.html,"Duravit UV993907878 4 1/4 x 12 5/8 Inch Interior Module (Narrow Grooved Storage), Maple",__@ UV993907878,__@ $94.33,__@ 30%,__@ $135.00,https://www.kbauthority.com/images/T/311/UV9939_Duravit.png,"Duravit UV9939 4 1/4 x 12 5/8 Inch Interior Module (Narrow Grooved Storage)
	Duravit has been the Proud Recipient of Numerous International Design Awards.These Awards Celebrate Bold Design, which has Become Duravit’s Hallmark over the Years.Each Duravit Designer is a Specialist in His Field – a Prominent Global Innovator with an Inherent Sense for Good Design. Good Design, as Duravit and Its Designers See It, is never at the Expense of Practicality – Neither is Interested in “Design for Design’s Sake”.That’s You, the Bathroom User, and Your Own Set of Needs and Requirements. Thanks to an Ongoing Dialogue with Its Trade Partners and Sanitary Ware Dealers, Duravit is Best Able to Address these Needs and Requirements in the Brand’s Designs. Simply Put, Duravit Recognizes Good Bathroom Design by the Fact that It Seems Specially-Created to Suit All Individual Tastes.This Fusion of Duravit’s Environmentally-Friendly Production Technologies with the Company’s Meticulous Quality Control Results in Products that are Highly Functional and Long-Lasting.At Duravit, Sustainable Materials, Modern Expertise and the Foresight to Recognize What Will be Important Tomorrow Comprise the Essential Ingredients for Beautiful – and Responsible – Living Bathrooms.
Features:
		Interior Modules
		Narrow Grooved Storage
		Reduced Depth
Dimensions:
		Width: 12.625 Inch
		Height: 4.25 Inch
Available Finishes:
		American Walnut Solid Wood
		Maple Solid Wood
SKU: UV993907777 UV993907878","<div class=""collapsed"" id=""product_fulldescr"" itemprop=""description"">
<div id=""banner-system-R"">
<div class=""banner-wrapper"">
<div class=""banner-system cycle-slideshow"" data-cycle-auto-height=""860:400"" data-cycle-center-horz=""true"" data-cycle-center-vert=""true"" data-cycle-fx=""none"" data-cycle-slides=""&gt; div"" data-cycle-timeout=""5000"" id=""slideshow66"" style=""height: 329.302px;"">
<div class=""slideshow_content_I_228 cycle-slide cycle-slide-active"" style=""position: absolute; top: 0px; left: 0px; z-index: 99; opacity: 1; display: block; visibility: visible; margin-left: 0px; margin-top: 9.5px;"">
<img alt="""" src=""https://www.kbauthority.com/images/A/Produktserie-Duravit-Cape-Cod.jpg""/> </div></div>
</div>
</div>
<p>
<strong>Duravit UV9939 4 1/4 x 12 5/8 Inch Interior Module (Narrow Grooved Storage)</strong></p>
<p>
	Duravit has been the Proud Recipient of Numerous International Design Awards.These Awards Celebrate Bold Design, which has Become Duravit’s Hallmark over the Years.Each Duravit Designer is a Specialist in His Field – a Prominent Global Innovator with an Inherent Sense for Good Design. Good Design, as Duravit and Its Designers See It, is never at the Expense of Practicality – Neither is Interested in “Design for Design’s Sake”.That’s You, the Bathroom User, and Your Own Set of Needs and Requirements. Thanks to an Ongoing Dialogue with Its Trade Partners and Sanitary Ware Dealers, Duravit is Best Able to Address these Needs and Requirements in the Brand’s Designs. Simply Put, Duravit Recognizes Good Bathroom Design by the Fact that It Seems Specially-Created to Suit All Individual Tastes.This Fusion of Duravit’s Environmentally-Friendly Production Technologies with the Company’s Meticulous Quality Control Results in Products that are Highly Functional and Long-Lasting.At Duravit, Sustainable Materials, Modern Expertise and the Foresight to Recognize What Will be Important Tomorrow Comprise the Essential Ingredients for Beautiful – and Responsible – Living Bathrooms.</p>
<p>
<strong>Features:</strong></p>
<ul>
<li>
		Interior Modules</li>
<li>
		Narrow Grooved Storage</li>
<li>
		Reduced Depth</li>
</ul>
<p>
<strong>Dimensions:</strong></p>
<ul>
<li>
		Width: 12.625 Inch</li>
<li>
		Height: 4.25 Inch</li>
</ul>
<p>
<strong>Available Finishes:</strong></p>
<ol>
<li>
		American Walnut Solid Wood</li>
<li>
		Maple Solid Wood</li>
</ol>
<p>
<strong>SKU: UV993907777 UV993907878</strong></p>
</div>",,,,,,,,__@ 04053424061467,,,,,,,,,,,,,,,,,,,,,,UV993907777;UV993907878,,,"It all began in Hornberg, Germany in 1817 when Georg Friedrich Horn built an earthenware factory initially focused solely on the manufacture of crockery. In 1956, production evolved from earthenware to porcelain, extending the product range to include sanitary ceramics. This provided a platform for future success and also introduced the sanitary world to a new name: Duravit. Today, Duravit AG operates at an international level and boasts 10 production plants with a workforce of more than 5,000 employees worldwide.",
Home > Bath > All Bath Brands > Duravit>Interior Systems,https://www.kbauthority.com/duravit-uv9940-4-1-4-x-14-5-8-inch-interior-modul-narrow-grooved-storage.html,"Duravit UV994007878 4 1/4 x 14 5/8 Inch Interior Modul (Narrow Grooved Storage ), Maple",__@ UV994007878,__@ $94.33,__@ 30%,__@ $135.00,https://www.kbauthority.com/images/T/311/UV9940_Duravit.png,"Duravit UV9940 4 1/4 x 14 5/8 Inch Interior Modul (Narrow Grooved Storage )
	Duravit has been the Proud Recipient of Numerous International Design Awards.These Awards Celebrate Bold Design, which has Become Duravit’s Hallmark over the Years.Each Duravit Designer is a Specialist in His Field – a Prominent Global Innovator with an Inherent Sense for Good Design. Good Design, as Duravit and Its Designers See It, is never at the Expense of Practicality – Neither is Interested in “Design for Design’s Sake”.That’s You, the Bathroom User, and Your Own Set of Needs and Requirements. Thanks to an Ongoing Dialogue with Its Trade Partners and Sanitary Ware Dealers, Duravit is Best Able to Address these Needs and Requirements in the Brand’s Designs. Simply Put, Duravit Recognizes Good Bathroom Design by the Fact that It Seems Specially-Created to Suit All Individual Tastes.This Fusion of Duravit’s Environmentally-Friendly Production Technologies with the Company’s Meticulous Quality Control Results in Products that are Highly Functional and Long-Lasting.At Duravit, Sustainable Materials, Modern Expertise and the Foresight to Recognize What Will be Important Tomorrow Comprise the Essential Ingredients for Beautiful – and Responsible – Living Bathrooms.
Features:
		Interior Modules
		Narrow Grooved Storage
Dimensions:
		Width: 14.625 Inch
		Height: 4.25 Inch
Available Finishes:
		American Walnut Solid Wood
		Maple Solid Wood
SKU: UV994007777 UV994007878","<div class=""collapsed"" id=""product_fulldescr"" itemprop=""description"">
<div id=""banner-system-R"">
<div class=""banner-wrapper"">
<div class=""banner-system cycle-slideshow"" data-cycle-auto-height=""860:400"" data-cycle-center-horz=""true"" data-cycle-center-vert=""true"" data-cycle-fx=""none"" data-cycle-slides=""&gt; div"" data-cycle-timeout=""5000"" id=""slideshow66"" style=""height: 329.302px;"">
<div class=""slideshow_content_I_228 cycle-slide cycle-slide-active"" style=""position: absolute; top: 0px; left: 0px; z-index: 99; opacity: 1; display: block; visibility: visible; margin-left: 0px; margin-top: 9.5px;"">
<img alt="""" src=""https://www.kbauthority.com/images/A/Produktserie-Duravit-Cape-Cod.jpg""/> </div></div>
</div>
</div>
<p>
<strong>Duravit UV9940 4 1/4 x 14 5/8 Inch Interior Modul (Narrow Grooved Storage )</strong></p>
<p>
	Duravit has been the Proud Recipient of Numerous International Design Awards.These Awards Celebrate Bold Design, which has Become Duravit’s Hallmark over the Years.Each Duravit Designer is a Specialist in His Field – a Prominent Global Innovator with an Inherent Sense for Good Design. Good Design, as Duravit and Its Designers See It, is never at the Expense of Practicality – Neither is Interested in “Design for Design’s Sake”.That’s You, the Bathroom User, and Your Own Set of Needs and Requirements. Thanks to an Ongoing Dialogue with Its Trade Partners and Sanitary Ware Dealers, Duravit is Best Able to Address these Needs and Requirements in the Brand’s Designs. Simply Put, Duravit Recognizes Good Bathroom Design by the Fact that It Seems Specially-Created to Suit All Individual Tastes.This Fusion of Duravit’s Environmentally-Friendly Production Technologies with the Company’s Meticulous Quality Control Results in Products that are Highly Functional and Long-Lasting.At Duravit, Sustainable Materials, Modern Expertise and the Foresight to Recognize What Will be Important Tomorrow Comprise the Essential Ingredients for Beautiful – and Responsible – Living Bathrooms.</p>
<p>
<strong>Features:</strong></p>
<ul>
<li>
		Interior Modules</li>
<li>
		Narrow Grooved Storage</li>
</ul>
<p>
<strong>Dimensions:</strong></p>
<ul>
<li>
		Width: 14.625 Inch</li>
<li>
		Height: 4.25 Inch</li>
</ul>
<p>
<strong>Available Finishes:</strong></p>
<ol>
<li>
		American Walnut Solid Wood</li>
<li>
		Maple Solid Wood</li>
</ol>
<p>
<strong>SKU: UV994007777 UV994007878</strong></p>
</div>",,,,,,,,__@ 04053424061481,,,,,,,,,,,,,,,,,,,,,,UV994007777;UV994007878,,https://www.kbauthority.com/images/W/356/UV994007777_Duravit_American_Walnut_Solid_Wood.jpg;https://www.kbauthority.com/images/W/356/UV994007878_Duravit_Maple_Solid_Wood.jpg,"It all began in Hornberg, Germany in 1817 when Georg Friedrich Horn built an earthenware factory initially focused solely on the manufacture of crockery. In 1956, production evolved from earthenware to porcelain, extending the product range to include sanitary ceramics. This provided a platform for future success and also introduced the sanitary world to a new name: Duravit. Today, Duravit AG operates at an international level and boasts 10 production plants with a workforce of more than 5,000 employees worldwide.",
Home > Bath > All Bath Brands > Duravit>Interior Systems,https://www.kbauthority.com/duravit-uv9941-4-1-4-x-12-5-8-inch-interior-modul-narrow-grooved-storage-curved.html,"Duravit UV994107878 4 1/4 x 12 5/8 Inch Interior Modul (Narrow Grooved Storage, Curved ), Maple",__@ UV994107878,__@ $102.79,__@ 29%,__@ $145.00,https://www.kbauthority.com/images/T/311/UV9941_Duravit.png,"Duravit UV9941 4 1/4 x 12 5/8 Inch Interior Modul (Narrow Grooved Storage, Curved )
	Duravit has been the Proud Recipient of Numerous International Design Awards.These Awards Celebrate Bold Design, which has Become Duravit’s Hallmark over the Years.Each Duravit Designer is a Specialist in His Field – a Prominent Global Innovator with an Inherent Sense for Good Design. Good Design, as Duravit and Its Designers See It, is never at the Expense of Practicality – Neither is Interested in “Design for Design’s Sake”.That’s You, the Bathroom User, and Your Own Set of Needs and Requirements. Thanks to an Ongoing Dialogue with Its Trade Partners and Sanitary Ware Dealers, Duravit is Best Able to Address these Needs and Requirements in the Brand’s Designs. Simply Put, Duravit Recognizes Good Bathroom Design by the Fact that It Seems Specially-Created to Suit All Individual Tastes.This Fusion of Duravit’s Environmentally-Friendly Production Technologies with the Company’s Meticulous Quality Control Results in Products that are Highly Functional and Long-Lasting.At Duravit, Sustainable Materials, Modern Expertise and the Foresight to Recognize What Will be Important Tomorrow Comprise the Essential Ingredients for Beautiful – and Responsible – Living Bathrooms.
Features:
		Interior Module
		Narrow Grooved Storage
		Curved
		Reduced Depth
Dimensions:
		Width: 12.625 Inch
		Height: 4.25 Inch
Available Finishes:
		American Walnut Solid Wood
		Maple Solid Wood
SKU: UV994107777 UV994107878","<div class=""collapsed"" id=""product_fulldescr"" itemprop=""description"">
<div id=""banner-system-R"">
<div class=""banner-wrapper"">
<div class=""banner-system cycle-slideshow"" data-cycle-auto-height=""860:400"" data-cycle-center-horz=""true"" data-cycle-center-vert=""true"" data-cycle-fx=""none"" data-cycle-slides=""&gt; div"" data-cycle-timeout=""5000"" id=""slideshow66"" style=""height: 329.302px;"">
<div class=""slideshow_content_I_228 cycle-slide cycle-slide-active"" style=""position: absolute; top: 0px; left: 0px; z-index: 99; opacity: 1; display: block; visibility: visible; margin-left: 0px; margin-top: 9.5px;"">
<img alt="""" src=""https://www.kbauthority.com/images/A/Produktserie-Duravit-Cape-Cod.jpg""/> </div></div>
</div>
</div>
<p>
<strong>Duravit UV9941 4 1/4 x 12 5/8 Inch Interior Modul (Narrow Grooved Storage, Curved )</strong></p>
<p>
	Duravit has been the Proud Recipient of Numerous International Design Awards.These Awards Celebrate Bold Design, which has Become Duravit’s Hallmark over the Years.Each Duravit Designer is a Specialist in His Field – a Prominent Global Innovator with an Inherent Sense for Good Design. Good Design, as Duravit and Its Designers See It, is never at the Expense of Practicality – Neither is Interested in “Design for Design’s Sake”.That’s You, the Bathroom User, and Your Own Set of Needs and Requirements. Thanks to an Ongoing Dialogue with Its Trade Partners and Sanitary Ware Dealers, Duravit is Best Able to Address these Needs and Requirements in the Brand’s Designs. Simply Put, Duravit Recognizes Good Bathroom Design by the Fact that It Seems Specially-Created to Suit All Individual Tastes.This Fusion of Duravit’s Environmentally-Friendly Production Technologies with the Company’s Meticulous Quality Control Results in Products that are Highly Functional and Long-Lasting.At Duravit, Sustainable Materials, Modern Expertise and the Foresight to Recognize What Will be Important Tomorrow Comprise the Essential Ingredients for Beautiful – and Responsible – Living Bathrooms.</p>
<p>
<strong>Features:</strong></p>
<ul>
<li>
		Interior Module</li>
<li>
		Narrow Grooved Storage</li>
<li>
		Curved</li>
<li>
		Reduced Depth</li>
</ul>
<p>
<strong>Dimensions:</strong></p>
<ul>
<li>
		Width: 12.625 Inch</li>
<li>
		Height: 4.25 Inch</li>
</ul>
<p>
<strong>Available Finishes:</strong></p>
<ol>
<li>
		American Walnut Solid Wood</li>
<li>
		Maple Solid Wood</li>
</ol>
<p>
<strong>SKU: UV994107777 UV994107878</strong></p>
</div>",,,,,,,,__@ 04053424061511,,,,,,,,,,,,,,,,,,,,,,UV994107777;UV994107878,,https://www.kbauthority.com/images/W/356/UV994107777_Duravit_American_Walnut_Solid_Wood.jpg;https://www.kbauthority.com/images/W/356/UV994107878_Duravit_Maple_Solid_Wood.jpg,"It all began in Hornberg, Germany in 1817 when Georg Friedrich Horn built an earthenware factory initially focused solely on the manufacture of crockery. In 1956, production evolved from earthenware to porcelain, extending the product range to include sanitary ceramics. This provided a platform for future success and also introduced the sanitary world to a new name: Duravit. Today, Duravit AG operates at an international level and boasts 10 production plants with a workforce of more than 5,000 employees worldwide.",
Home > Bath > All Bath Brands > Duravit>Interior Systems,https://www.kbauthority.com/duravit-uv994200000-10-x-12-5-8-inch-interior-modul-wide-grooved-storage.html,Duravit UV994200000 10 x 12 5/8 Inch Interior Modul (Wide Grooved Storage),__@ UV994200000,__@ $85.86,__@  28%,__@ $120.00,https://www.kbauthority.com/images/T/314/UV994200000_Duravit.png,"Duravit UV994200000 10 x 12 5/8 Inch Interior Modul (Wide Grooved Storage)
	Duravit has been the Proud Recipient of Numerous International Design Awards.These Awards Celebrate Bold Design, which has Become Duravit’s Hallmark over the Years.Each Duravit Designer is a Specialist in His Field – a Prominent Global Innovator with an Inherent Sense for Good Design. Good Design, as Duravit and Its Designers See It, is never at the Expense of Practicality – Neither is Interested in “Design for Design’s Sake”.That’s You, the Bathroom User, and Your Own Set of Needs and Requirements. Thanks to an Ongoing Dialogue with Its Trade Partners and Sanitary Ware Dealers, Duravit is Best Able to Address these Needs and Requirements in the Brand’s Designs. Simply Put, Duravit Recognizes Good Bathroom Design by the Fact that It Seems Specially-Created to Suit All Individual Tastes.This Fusion of Duravit’s Environmentally-Friendly Production Technologies with the Company’s Meticulous Quality Control Results in Products that are Highly Functional and Long-Lasting.At Duravit, Sustainable Materials, Modern Expertise and the Foresight to Recognize What Will be Important Tomorrow Comprise the Essential Ingredients for Beautiful – and Responsible – Living Bathrooms.
Features:
		Interior Module
		Wide Grooved Storage
		Reduced Depth
SKU: UV994200000","<div class=""collapsed"" id=""product_fulldescr"" itemprop=""description"">
<div id=""banner-system-R"">
<div class=""banner-wrapper"">
<div class=""banner-system cycle-slideshow"" data-cycle-auto-height=""860:400"" data-cycle-center-horz=""true"" data-cycle-center-vert=""true"" data-cycle-fx=""none"" data-cycle-slides=""&gt; div"" data-cycle-timeout=""5000"" id=""slideshow66"" style=""height: 329.302px;"">
<div class=""slideshow_content_I_228 cycle-slide cycle-slide-active"" style=""position: absolute; top: 0px; left: 0px; z-index: 99; opacity: 1; display: block; visibility: visible; margin-left: 0px; margin-top: 9.5px;"">
<img alt="""" src=""https://www.kbauthority.com/images/A/Produktserie-Duravit-Cape-Cod.jpg""/> </div></div>
</div>
</div>
<p>
<strong>Duravit UV994200000 10 x 12 5/8 Inch Interior Modul (Wide Grooved Storage)</strong></p>
<p>
	Duravit has been the Proud Recipient of Numerous International Design Awards.These Awards Celebrate Bold Design, which has Become Duravit’s Hallmark over the Years.Each Duravit Designer is a Specialist in His Field – a Prominent Global Innovator with an Inherent Sense for Good Design. Good Design, as Duravit and Its Designers See It, is never at the Expense of Practicality – Neither is Interested in “Design for Design’s Sake”.That’s You, the Bathroom User, and Your Own Set of Needs and Requirements. Thanks to an Ongoing Dialogue with Its Trade Partners and Sanitary Ware Dealers, Duravit is Best Able to Address these Needs and Requirements in the Brand’s Designs. Simply Put, Duravit Recognizes Good Bathroom Design by the Fact that It Seems Specially-Created to Suit All Individual Tastes.This Fusion of Duravit’s Environmentally-Friendly Production Technologies with the Company’s Meticulous Quality Control Results in Products that are Highly Functional and Long-Lasting.At Duravit, Sustainable Materials, Modern Expertise and the Foresight to Recognize What Will be Important Tomorrow Comprise the Essential Ingredients for Beautiful – and Responsible – Living Bathrooms.</p>
<p>
<strong>Features:</strong></p>
<ul>
<li>
		Interior Module</li>
<li>
		Wide Grooved Storage</li>
<li>
		Reduced Depth</li>
</ul>
<p>
<strong>SKU: UV994200000</strong></p>
</div>",,,,,,,,__@ 04053424061559,,,,,,,,,,,,,,,,,,,,,,,,,"It all began in Hornberg, Germany in 1817 when Georg Friedrich Horn built an earthenware factory initially focused solely on the manufacture of crockery. In 1956, production evolved from earthenware to porcelain, extending the product range to include sanitary ceramics. This provided a platform for future success and also introduced the sanitary world to a new name: Duravit. Today, Duravit AG operates at an international level and boasts 10 production plants with a workforce of more than 5,000 employees worldwide.",
Home > Bath > All Bath Brands > Duravit>Interior Systems,https://www.kbauthority.com/duravit-uv994300000-10-x-14-5-8-inch-interior-modul-wide-grooved-storage.html,Duravit UV994300000 10 x 14 5/8 Inch Interior Modul (Wide Grooved Storage),__@ UV994300000,__@ $88.68,__@  29%,__@ $125.00,https://www.kbauthority.com/images/T/314/UV994300000_Duravit.png,"Duravit UV994300000 10 x 14 5/8 Inch Interior Modul (Wide Grooved Storage)
	Duravit has been the Proud Recipient of Numerous International Design Awards.These Awards Celebrate Bold Design, which has Become Duravit’s Hallmark over the Years.Each Duravit Designer is a Specialist in His Field – a Prominent Global Innovator with an Inherent Sense for Good Design. Good Design, as Duravit and Its Designers See It, is never at the Expense of Practicality – Neither is Interested in “Design for Design’s Sake”.That’s You, the Bathroom User, and Your Own Set of Needs and Requirements. Thanks to an Ongoing Dialogue with Its Trade Partners and Sanitary Ware Dealers, Duravit is Best Able to Address these Needs and Requirements in the Brand’s Designs. Simply Put, Duravit Recognizes Good Bathroom Design by the Fact that It Seems Specially-Created to Suit All Individual Tastes.This Fusion of Duravit’s Environmentally-Friendly Production Technologies with the Company’s Meticulous Quality Control Results in Products that are Highly Functional and Long-Lasting.At Duravit, Sustainable Materials, Modern Expertise and the Foresight to Recognize What Will be Important Tomorrow Comprise the Essential Ingredients for Beautiful – and Responsible – Living Bathrooms.
Features:
		Interior Module
		Wide Grooved Storage
SKU: UV994300000","<div class=""collapsed"" id=""product_fulldescr"" itemprop=""description"">
<div id=""banner-system-R"">
<div class=""banner-wrapper"">
<div class=""banner-system cycle-slideshow"" data-cycle-auto-height=""860:400"" data-cycle-center-horz=""true"" data-cycle-center-vert=""true"" data-cycle-fx=""none"" data-cycle-slides=""&gt; div"" data-cycle-timeout=""5000"" id=""slideshow66"" style=""height: 329.302px;"">
<div class=""slideshow_content_I_228 cycle-slide cycle-slide-active"" style=""position: absolute; top: 0px; left: 0px; z-index: 99; opacity: 1; display: block; visibility: visible; margin-left: 0px; margin-top: 9.5px;"">
<img alt="""" src=""https://www.kbauthority.com/images/A/Produktserie-Duravit-Cape-Cod.jpg""/> </div></div>
</div>
</div>
<p>
<strong>Duravit UV994300000 10 x 14 5/8 Inch Interior Modul (Wide Grooved Storage)</strong></p>
<p>
	Duravit has been the Proud Recipient of Numerous International Design Awards.These Awards Celebrate Bold Design, which has Become Duravit’s Hallmark over the Years.Each Duravit Designer is a Specialist in His Field – a Prominent Global Innovator with an Inherent Sense for Good Design. Good Design, as Duravit and Its Designers See It, is never at the Expense of Practicality – Neither is Interested in “Design for Design’s Sake”.That’s You, the Bathroom User, and Your Own Set of Needs and Requirements. Thanks to an Ongoing Dialogue with Its Trade Partners and Sanitary Ware Dealers, Duravit is Best Able to Address these Needs and Requirements in the Brand’s Designs. Simply Put, Duravit Recognizes Good Bathroom Design by the Fact that It Seems Specially-Created to Suit All Individual Tastes.This Fusion of Duravit’s Environmentally-Friendly Production Technologies with the Company’s Meticulous Quality Control Results in Products that are Highly Functional and Long-Lasting.At Duravit, Sustainable Materials, Modern Expertise and the Foresight to Recognize What Will be Important Tomorrow Comprise the Essential Ingredients for Beautiful – and Responsible – Living Bathrooms.</p>
<p>
<strong>Features:</strong></p>
<ul>
<li>
		Interior Module</li>
<li>
		Wide Grooved Storage</li>
</ul>
<p>
<strong>SKU: UV994300000</strong></p>
</div>",,,,,,,,__@ 04053424061566,,,,,,,,,,,,,,,,,,,,,,,,,"It all began in Hornberg, Germany in 1817 when Georg Friedrich Horn built an earthenware factory initially focused solely on the manufacture of crockery. In 1956, production evolved from earthenware to porcelain, extending the product range to include sanitary ceramics. This provided a platform for future success and also introduced the sanitary world to a new name: Duravit. Today, Duravit AG operates at an international level and boasts 10 production plants with a workforce of more than 5,000 employees worldwide.",
Home > Bath > All Bath Brands > Duravit>Interior Systems,https://www.kbauthority.com/duravit-uv99440-interior-module-component-reduced-depth.html,"Duravit UV994407878 Interior Module Component, Reduced Depth, American Walnut",__@ UV994407878,__@ $80.21,__@ 27%,__@ $110.00,https://www.kbauthority.com/images/T/24/UV99440_Duravit.jpg,"Duravit UV99440 Interior Module Component, Reduced Depth
			Dimension: 4 5/8"" x 12 5/8"" Inch
			Required specification for ordering:, - Walnut-77 or Maple-78
Available Finishes:
		American Walnut: UV994407878
		Maple: UV994407777
SKU: UV994407878 UV994407777","<div class=""collapsed"" id=""product_fulldescr"" itemprop=""description"">
<div id=""banner-system-R"">
<div class=""banner-wrapper"">
<div class=""banner-system cycle-slideshow"" data-cycle-auto-height=""860:400"" data-cycle-center-horz=""true"" data-cycle-center-vert=""true"" data-cycle-fx=""none"" data-cycle-slides=""&gt; div"" data-cycle-timeout=""5000"" id=""slideshow66"" style=""height: 329.302px;"">
<div class=""slideshow_content_I_228 cycle-slide cycle-slide-active"" style=""position: absolute; top: 0px; left: 0px; z-index: 99; opacity: 1; display: block; visibility: visible; margin-left: 0px; margin-top: 9.5px;"">
<img alt="""" src=""https://www.kbauthority.com/images/A/Produktserie-Duravit-Cape-Cod.jpg""/> </div></div>
</div>
</div>
<p>
<strong>Duravit UV99440 Interior Module Component, Reduced Depth</strong></p>
<div class=""normal"" style=""display: block;"">
<ul>
<li class=""normal"">
			Dimension: 4 5/8"" x 12 5/8"" Inch</li>
<li class=""normal"">
			Required specification for ordering:, - Walnut-77 or Maple-78</li>
</ul>
</div>
<p>
<strong>Available Finishes:</strong></p>
<ol>
<li>
		American Walnut: UV994407878</li>
<li>
		Maple: UV994407777</li>
</ol>
<p>
<strong>SKU: UV994407878 UV994407777</strong></p>
</div>",,,,,,,,__@ 04053424061573,,,,,,,,,,,,,,,,,,,,,,UV994407878;UV994407777,,https://www.kbauthority.com/images/W/59/UV994407878_Duravit_American_Walnut.jpg;https://www.kbauthority.com/images/W/59/UV994407777_Duravit_Maple.jpg,"It all began in Hornberg, Germany in 1817 when Georg Friedrich Horn built an earthenware factory initially focused solely on the manufacture of crockery. In 1956, production evolved from earthenware to porcelain, extending the product range to include sanitary ceramics. This provided a platform for future success and also introduced the sanitary world to a new name: Duravit. Today, Duravit AG operates at an international level and boasts 10 production plants with a workforce of more than 5,000 employees worldwide.",
Home > Bath > All Bath Brands > Duravit>Interior Systems,https://www.kbauthority.com/duravit-uv9945-4-5-8-x-14-5-8-inch-interior-modul.html,"Duravit UV994507878 4 5/8 x 14 5/8 Inch Interior Modul, Maple",__@ UV994507878,__@ $80.21,__@ 27%,__@ $110.00,https://www.kbauthority.com/images/T/311/UV9945_Duravit.png,"Duravit UV9945 4 5/8 x 14 5/8 Inch Interior Modul
	Duravit has been the Proud Recipient of Numerous International Design Awards.These Awards Celebrate Bold Design, which has Become Duravit’s Hallmark over the Years.Each Duravit Designer is a Specialist in His Field – a Prominent Global Innovator with an Inherent Sense for Good Design. Good Design, as Duravit and Its Designers See It, is never at the Expense of Practicality – Neither is Interested in “Design for Design’s Sake”.That’s You, the Bathroom User, and Your Own Set of Needs and Requirements. Thanks to an Ongoing Dialogue with Its Trade Partners and Sanitary Ware Dealers, Duravit is Best Able to Address these Needs and Requirements in the Brand’s Designs. Simply Put, Duravit Recognizes Good Bathroom Design by the Fact that It Seems Specially-Created to Suit All Individual Tastes.This Fusion of Duravit’s Environmentally-Friendly Production Technologies with the Company’s Meticulous Quality Control Results in Products that are Highly Functional and Long-Lasting.At Duravit, Sustainable Materials, Modern Expertise and the Foresight to Recognize What Will be Important Tomorrow Comprise the Essential Ingredients for Beautiful – and Responsible – Living Bathrooms.
Features:
		Interior Module Component
Dimensions:
		Width: 14.625 Inch
		Height: 4.625 Inch
Available Finishes:
		American Walnut Solid Wood
		Maple Solid Wood
SKU: UV994507777 UV994507878","<div class=""collapsed"" id=""product_fulldescr"" itemprop=""description"">
<div id=""banner-system-R"">
<div class=""banner-wrapper"">
<div class=""banner-system cycle-slideshow"" data-cycle-auto-height=""860:400"" data-cycle-center-horz=""true"" data-cycle-center-vert=""true"" data-cycle-fx=""none"" data-cycle-slides=""&gt; div"" data-cycle-timeout=""5000"" id=""slideshow66"" style=""height: 329.302px;"">
<div class=""slideshow_content_I_228 cycle-slide cycle-slide-active"" style=""position: absolute; top: 0px; left: 0px; z-index: 99; opacity: 1; display: block; visibility: visible; margin-left: 0px; margin-top: 9.5px;"">
<img alt="""" src=""https://www.kbauthority.com/images/A/Produktserie-Duravit-Cape-Cod.jpg""/> </div></div>
</div>
</div>
<p>
<strong>Duravit UV9945 4 5/8 x 14 5/8 Inch Interior Modul</strong></p>
<p>
	Duravit has been the Proud Recipient of Numerous International Design Awards.These Awards Celebrate Bold Design, which has Become Duravit’s Hallmark over the Years.Each Duravit Designer is a Specialist in His Field – a Prominent Global Innovator with an Inherent Sense for Good Design. Good Design, as Duravit and Its Designers See It, is never at the Expense of Practicality – Neither is Interested in “Design for Design’s Sake”.That’s You, the Bathroom User, and Your Own Set of Needs and Requirements. Thanks to an Ongoing Dialogue with Its Trade Partners and Sanitary Ware Dealers, Duravit is Best Able to Address these Needs and Requirements in the Brand’s Designs. Simply Put, Duravit Recognizes Good Bathroom Design by the Fact that It Seems Specially-Created to Suit All Individual Tastes.This Fusion of Duravit’s Environmentally-Friendly Production Technologies with the Company’s Meticulous Quality Control Results in Products that are Highly Functional and Long-Lasting.At Duravit, Sustainable Materials, Modern Expertise and the Foresight to Recognize What Will be Important Tomorrow Comprise the Essential Ingredients for Beautiful – and Responsible – Living Bathrooms.</p>
<p>
<strong>Features:</strong></p>
<ul>
<li>
		Interior Module Component</li>
</ul>
<p>
<strong>Dimensions:</strong></p>
<ul>
<li>
		Width: 14.625 Inch</li>
<li>
		Height: 4.625 Inch</li>
</ul>
<p>
<strong>Available Finishes:</strong></p>
<ol>
<li>
		American Walnut Solid Wood</li>
<li>
		Maple Solid Wood</li>
</ol>
<p>
<strong>SKU: UV994507777 UV994507878</strong></p>
</div>",,,,,,,,__@ 04053424061597,,,,,,,,,,,,,,,,,,,,,,UV994507777;UV994507878,,https://www.kbauthority.com/images/W/356/UV994507777_Duravit_American_Walnut_Solid_Wood.jpg;https://www.kbauthority.com/images/W/356/UV994507878_Duravit_Maple_Solid_Wood.jpg,"It all began in Hornberg, Germany in 1817 when Georg Friedrich Horn built an earthenware factory initially focused solely on the manufacture of crockery. In 1956, production evolved from earthenware to porcelain, extending the product range to include sanitary ceramics. This provided a platform for future success and also introduced the sanitary world to a new name: Duravit. Today, Duravit AG operates at an international level and boasts 10 production plants with a workforce of more than 5,000 employees worldwide.",
Home > Bath > All Bath Brands > Duravit>Interior Systems,https://www.kbauthority.com/duravit-uv9946-3-7-8-x-6-1-4-inch-interior-modul-box.html,"Duravit UV994607878 3 7/8 x 6 1/4 Inch Interior Modul (Box ), Maple",__@ UV994607878,__@ $80.21,__@ 27%,__@ $110.00,https://www.kbauthority.com/images/T/311/UV9946_Duravit.png,"Duravit UV9946 3 7/8 x 6 1/4 Inch Interior Modul (Box )
	Duravit has been the Proud Recipient of Numerous International Design Awards.These Awards Celebrate Bold Design, which has Become Duravit’s Hallmark over the Years.Each Duravit Designer is a Specialist in His Field – a Prominent Global Innovator with an Inherent Sense for Good Design. Good Design, as Duravit and Its Designers See It, is never at the Expense of Practicality – Neither is Interested in “Design for Design’s Sake”.That’s You, the Bathroom User, and Your Own Set of Needs and Requirements. Thanks to an Ongoing Dialogue with Its Trade Partners and Sanitary Ware Dealers, Duravit is Best Able to Address these Needs and Requirements in the Brand’s Designs. Simply Put, Duravit Recognizes Good Bathroom Design by the Fact that It Seems Specially-Created to Suit All Individual Tastes.This Fusion of Duravit’s Environmentally-Friendly Production Technologies with the Company’s Meticulous Quality Control Results in Products that are Highly Functional and Long-Lasting.At Duravit, Sustainable Materials, Modern Expertise and the Foresight to Recognize What Will be Important Tomorrow Comprise the Essential Ingredients for Beautiful – and Responsible – Living Bathrooms.
Features:
		Interior Modules
		Reduced Depth
Dimensions:
		Width: 6.25 Inch
		Height: 3.875 Inch
Available Finishes:
		American Walnut Solid Wood
		Maple Solid Wood
SKU: UV994607777 UV994607878","<div class=""collapsed"" id=""product_fulldescr"" itemprop=""description"">
<div id=""banner-system-R"">
<div class=""banner-wrapper"">
<div class=""banner-system cycle-slideshow"" data-cycle-auto-height=""860:400"" data-cycle-center-horz=""true"" data-cycle-center-vert=""true"" data-cycle-fx=""none"" data-cycle-slides=""&gt; div"" data-cycle-timeout=""5000"" id=""slideshow66"" style=""height: 329.302px;"">
<div class=""slideshow_content_I_228 cycle-slide cycle-slide-active"" style=""position: absolute; top: 0px; left: 0px; z-index: 99; opacity: 1; display: block; visibility: visible; margin-left: 0px; margin-top: 9.5px;"">
<img alt="""" src=""https://www.kbauthority.com/images/A/Produktserie-Duravit-Cape-Cod.jpg""/> </div></div>
</div>
</div>
<p>
<strong>Duravit UV9946 3 7/8 x 6 1/4 Inch Interior Modul (Box )</strong></p>
<p>
	Duravit has been the Proud Recipient of Numerous International Design Awards.These Awards Celebrate Bold Design, which has Become Duravit’s Hallmark over the Years.Each Duravit Designer is a Specialist in His Field – a Prominent Global Innovator with an Inherent Sense for Good Design. Good Design, as Duravit and Its Designers See It, is never at the Expense of Practicality – Neither is Interested in “Design for Design’s Sake”.That’s You, the Bathroom User, and Your Own Set of Needs and Requirements. Thanks to an Ongoing Dialogue with Its Trade Partners and Sanitary Ware Dealers, Duravit is Best Able to Address these Needs and Requirements in the Brand’s Designs. Simply Put, Duravit Recognizes Good Bathroom Design by the Fact that It Seems Specially-Created to Suit All Individual Tastes.This Fusion of Duravit’s Environmentally-Friendly Production Technologies with the Company’s Meticulous Quality Control Results in Products that are Highly Functional and Long-Lasting.At Duravit, Sustainable Materials, Modern Expertise and the Foresight to Recognize What Will be Important Tomorrow Comprise the Essential Ingredients for Beautiful – and Responsible – Living Bathrooms.</p>
<p>
<strong>Features:</strong></p>
<ul>
<li>
		Interior Modules</li>
<li>
		Reduced Depth</li>
</ul>
<p>
<strong>Dimensions:</strong></p>
<ul>
<li>
		Width: 6.25 Inch</li>
<li>
		Height: 3.875 Inch</li>
</ul>
<p>
<strong>Available Finishes:</strong></p>
<ol>
<li>
		American Walnut Solid Wood</li>
<li>
		Maple Solid Wood</li>
</ol>
<p>
<strong>SKU: UV994607777 UV994607878</strong></p>
</div>",,,,,,,,__@ 04053424061610,,,,,,,,,,,,,,,,,,,,,,UV994607777;UV994607878,,,"It all began in Hornberg, Germany in 1817 when Georg Friedrich Horn built an earthenware factory initially focused solely on the manufacture of crockery. In 1956, production evolved from earthenware to porcelain, extending the product range to include sanitary ceramics. This provided a platform for future success and also introduced the sanitary world to a new name: Duravit. Today, Duravit AG operates at an international level and boasts 10 production plants with a workforce of more than 5,000 employees worldwide.",
Home > Bath > All Bath Brands > Duravit>Interior Systems,https://www.kbauthority.com/duravit-uv9947-3-7-8-x-7-1-4-inch-interior-modul-box.html,"Duravit UV994707878 3 7/8 x 7 1/4 Inch Interior Modul (Box), Maple",__@ UV994707878,__@ $80.21,__@ 27%,__@ $110.00,https://www.kbauthority.com/images/W/59/UV994707878_Duravit_Maple_Solid_Wood.jpg,"Duravit UV9947 3 7/8 x 7 1/4 Inch Interior Modul (Box)
	Duravit has been the Proud Recipient of Numerous International Design Awards.These Awards Celebrate Bold Design, which has Become Duravit’s Hallmark over the Years.Each Duravit Designer is a Specialist in His Field – a Prominent Global Innovator with an Inherent Sense for Good Design. Good Design, as Duravit and Its Designers See It, is never at the Expense of Practicality – Neither is Interested in “Design for Design’s Sake”.That’s You, the Bathroom User, and Your Own Set of Needs and Requirements. Thanks to an Ongoing Dialogue with Its Trade Partners and Sanitary Ware Dealers, Duravit is Best Able to Address these Needs and Requirements in the Brand’s Designs. Simply Put, Duravit Recognizes Good Bathroom Design by the Fact that It Seems Specially-Created to Suit All Individual Tastes.This Fusion of Duravit’s Environmentally-Friendly Production Technologies with the Company’s Meticulous Quality Control Results in Products that are Highly Functional and Long-Lasting.At Duravit, Sustainable Materials, Modern Expertise and the Foresight to Recognize What Will be Important Tomorrow Comprise the Essential Ingredients for Beautiful – and Responsible – Living Bathrooms.
Features:
		Interior Module
		Type Box
Available Finishes:
		American Walnut Solid Wood
		Maple Solid Wood
SKU: UV994707777 UV994707878","<div class=""collapsed"" id=""product_fulldescr"" itemprop=""description"">
<div id=""banner-system-R"">
<div class=""banner-wrapper"">
<div class=""banner-system cycle-slideshow"" data-cycle-auto-height=""860:400"" data-cycle-center-horz=""true"" data-cycle-center-vert=""true"" data-cycle-fx=""none"" data-cycle-slides=""&gt; div"" data-cycle-timeout=""5000"" id=""slideshow66"" style=""height: 329.302px;"">
<div class=""slideshow_content_I_228 cycle-slide cycle-slide-active"" style=""position: absolute; top: 0px; left: 0px; z-index: 99; opacity: 1; display: block; visibility: visible; margin-left: 0px; margin-top: 9.5px;"">
<img alt="""" src=""https://www.kbauthority.com/images/A/Produktserie-Duravit-Cape-Cod.jpg""/> </div></div>
</div>
</div>
<p>
<strong>Duravit UV9947 3 7/8 x 7 1/4 Inch Interior Modul (Box)</strong></p>
<p>
	Duravit has been the Proud Recipient of Numerous International Design Awards.These Awards Celebrate Bold Design, which has Become Duravit’s Hallmark over the Years.Each Duravit Designer is a Specialist in His Field – a Prominent Global Innovator with an Inherent Sense for Good Design. Good Design, as Duravit and Its Designers See It, is never at the Expense of Practicality – Neither is Interested in “Design for Design’s Sake”.That’s You, the Bathroom User, and Your Own Set of Needs and Requirements. Thanks to an Ongoing Dialogue with Its Trade Partners and Sanitary Ware Dealers, Duravit is Best Able to Address these Needs and Requirements in the Brand’s Designs. Simply Put, Duravit Recognizes Good Bathroom Design by the Fact that It Seems Specially-Created to Suit All Individual Tastes.This Fusion of Duravit’s Environmentally-Friendly Production Technologies with the Company’s Meticulous Quality Control Results in Products that are Highly Functional and Long-Lasting.At Duravit, Sustainable Materials, Modern Expertise and the Foresight to Recognize What Will be Important Tomorrow Comprise the Essential Ingredients for Beautiful – and Responsible – Living Bathrooms.</p>
<p>
<strong>Features:</strong></p>
<ul>
<li>
		Interior Module</li>
<li>
		Type Box</li>
</ul>
<p>
<strong>Available Finishes:</strong></p>
<ol>
<li>
		American Walnut Solid Wood</li>
<li>
		Maple Solid Wood</li>
</ol>
<p>
<strong>SKU: UV994707777 UV994707878</strong></p>
</div>",,,,,,,,__@ 04053424061634,,,,,,,,,,,,,,,,,,,,,,UV994707777;UV994707878,,https://www.kbauthority.com/images/W/356/UV994707777_Duravit_American_Walnut_Solid_Wood.jpg;https://www.kbauthority.com/images/W/59/UV994707878_Duravit_Maple_Solid_Wood.jpg,"It all began in Hornberg, Germany in 1817 when Georg Friedrich Horn built an earthenware factory initially focused solely on the manufacture of crockery. In 1956, production evolved from earthenware to porcelain, extending the product range to include sanitary ceramics. This provided a platform for future success and also introduced the sanitary world to a new name: Duravit. Today, Duravit AG operates at an international level and boasts 10 production plants with a workforce of more than 5,000 employees worldwide.",
Home > Bath > All Bath Brands > Duravit>Interior Systems,https://www.kbauthority.com/duravit-uv9948-3-7-8-x-6-1-4-inch-interior-modul-box-with-lid.html,"Duravit UV994807878 3 7/8 x 6 1/4 Inch Interior Modul (Box with Lid ), Maple",__@ UV994807878,__@ $94.33,__@ 30%,__@ $135.00,https://www.kbauthority.com/images/T/311/UV9948_Duravit.png,"Duravit UV9948 3 7/8 x 6 1/4 Inch Interior Modul (Box with Lid )
	Duravit has been the Proud Recipient of Numerous International Design Awards.These Awards Celebrate Bold Design, which has Become Duravit’s Hallmark over the Years.Each Duravit Designer is a Specialist in His Field – a Prominent Global Innovator with an Inherent Sense for Good Design. Good Design, as Duravit and Its Designers See It, is never at the Expense of Practicality – Neither is Interested in “Design for Design’s Sake”.That’s You, the Bathroom User, and Your Own Set of Needs and Requirements. Thanks to an Ongoing Dialogue with Its Trade Partners and Sanitary Ware Dealers, Duravit is Best Able to Address these Needs and Requirements in the Brand’s Designs. Simply Put, Duravit Recognizes Good Bathroom Design by the Fact that It Seems Specially-Created to Suit All Individual Tastes.This Fusion of Duravit’s Environmentally-Friendly Production Technologies with the Company’s Meticulous Quality Control Results in Products that are Highly Functional and Long-Lasting.At Duravit, Sustainable Materials, Modern Expertise and the Foresight to Recognize What Will be Important Tomorrow Comprise the Essential Ingredients for Beautiful – and Responsible – Living Bathrooms.
Features:
		Interior Modules
		Box with Lid
		Reduced Depth
Dimensions:
		Width: 6.25 Inch
		Height: 3.875 Inch
Available Finishes:
		American Walnut Solid Wood
		Maple Solid Wood
SKU: UV994807777 UV994807878","<div class=""collapsed"" id=""product_fulldescr"" itemprop=""description"">
<div id=""banner-system-R"">
<div class=""banner-wrapper"">
<div class=""banner-system cycle-slideshow"" data-cycle-auto-height=""860:400"" data-cycle-center-horz=""true"" data-cycle-center-vert=""true"" data-cycle-fx=""none"" data-cycle-slides=""&gt; div"" data-cycle-timeout=""5000"" id=""slideshow66"" style=""height: 329.302px;"">
<div class=""slideshow_content_I_228 cycle-slide cycle-slide-active"" style=""position: absolute; top: 0px; left: 0px; z-index: 99; opacity: 1; display: block; visibility: visible; margin-left: 0px; margin-top: 9.5px;"">
<img alt="""" src=""https://www.kbauthority.com/images/A/Produktserie-Duravit-Cape-Cod.jpg""/> </div></div>
</div>
</div>
<p>
<strong>Duravit UV9948 3 7/8 x 6 1/4 Inch Interior Modul (Box with Lid )</strong></p>
<p>
	Duravit has been the Proud Recipient of Numerous International Design Awards.These Awards Celebrate Bold Design, which has Become Duravit’s Hallmark over the Years.Each Duravit Designer is a Specialist in His Field – a Prominent Global Innovator with an Inherent Sense for Good Design. Good Design, as Duravit and Its Designers See It, is never at the Expense of Practicality – Neither is Interested in “Design for Design’s Sake”.That’s You, the Bathroom User, and Your Own Set of Needs and Requirements. Thanks to an Ongoing Dialogue with Its Trade Partners and Sanitary Ware Dealers, Duravit is Best Able to Address these Needs and Requirements in the Brand’s Designs. Simply Put, Duravit Recognizes Good Bathroom Design by the Fact that It Seems Specially-Created to Suit All Individual Tastes.This Fusion of Duravit’s Environmentally-Friendly Production Technologies with the Company’s Meticulous Quality Control Results in Products that are Highly Functional and Long-Lasting.At Duravit, Sustainable Materials, Modern Expertise and the Foresight to Recognize What Will be Important Tomorrow Comprise the Essential Ingredients for Beautiful – and Responsible – Living Bathrooms.</p>
<p>
<strong>Features:</strong></p>
<ul>
<li>
		Interior Modules</li>
<li>
		Box with Lid</li>
<li>
		Reduced Depth</li>
</ul>
<p>
<strong>Dimensions:</strong></p>
<ul>
<li>
		Width: 6.25 Inch</li>
<li>
		Height: 3.875 Inch</li>
</ul>
<p>
<strong>Available Finishes:</strong></p>
<ol>
<li>
		American Walnut Solid Wood</li>
<li>
		Maple Solid Wood</li>
</ol>
<p>
<strong>SKU: UV994807777 UV994807878</strong></p>
</div>",,,,,,,,__@ 04053424061658,,,,,,,,,,,,,,,,,,,,,,UV994807777;UV994807878,,https://www.kbauthority.com/images/W/356/UV994807777_Duravit_American_Walnut_Solid_Wood.jpg;https://www.kbauthority.com/images/W/356/UV994807878_Duravit_Maple_Solid_Wood.jpg,"It all began in Hornberg, Germany in 1817 when Georg Friedrich Horn built an earthenware factory initially focused solely on the manufacture of crockery. In 1956, production evolved from earthenware to porcelain, extending the product range to include sanitary ceramics. This provided a platform for future success and also introduced the sanitary world to a new name: Duravit. Today, Duravit AG operates at an international level and boasts 10 production plants with a workforce of more than 5,000 employees worldwide.",
Home > Bath > All Bath Brands > Duravit>Interior Systems,https://www.kbauthority.com/duravit-uv9949-3-7-8-x-7-1-4-inch-interior-modul-box-with-lid.html,"Duravit UV994907878 3 7/8 x 7 1/4 Inch Interior Modul (Box with Lid), Maple",__@ UV994907878,__@ $99.98,__@ 29%,__@ $140.00,https://www.kbauthority.com/images/T/311/UV9949_Duravit.png,"Duravit UV9949 3 7/8 x 7 1/4 Inch Interior Modul (Box with Lid)
	Duravit has been the Proud Recipient of Numerous International Design Awards.These Awards Celebrate Bold Design, which has Become Duravit’s Hallmark over the Years.Each Duravit Designer is a Specialist in His Field – a Prominent Global Innovator with an Inherent Sense for Good Design. Good Design, as Duravit and Its Designers See It, is never at the Expense of Practicality – Neither is Interested in “Design for Design’s Sake”.That’s You, the Bathroom User, and Your Own Set of Needs and Requirements. Thanks to an Ongoing Dialogue with Its Trade Partners and Sanitary Ware Dealers, Duravit is Best Able to Address these Needs and Requirements in the Brand’s Designs. Simply Put, Duravit Recognizes Good Bathroom Design by the Fact that It Seems Specially-Created to Suit All Individual Tastes.This Fusion of Duravit’s Environmentally-Friendly Production Technologies with the Company’s Meticulous Quality Control Results in Products that are Highly Functional and Long-Lasting.At Duravit, Sustainable Materials, Modern Expertise and the Foresight to Recognize What Will be Important Tomorrow Comprise the Essential Ingredients for Beautiful – and Responsible – Living Bathrooms.
Features:
		Interior Module
		Box with Lid
Available Finishes:
		American Walnut Solid Wood
		Maple Solid Wood
SKU: UV994907777 UV994907878","<div class=""collapsed"" id=""product_fulldescr"" itemprop=""description"">
<div id=""banner-system-R"">
<div class=""banner-wrapper"">
<div class=""banner-system cycle-slideshow"" data-cycle-auto-height=""860:400"" data-cycle-center-horz=""true"" data-cycle-center-vert=""true"" data-cycle-fx=""none"" data-cycle-slides=""&gt; div"" data-cycle-timeout=""5000"" id=""slideshow66"" style=""height: 329.302px;"">
<div class=""slideshow_content_I_228 cycle-slide cycle-slide-active"" style=""position: absolute; top: 0px; left: 0px; z-index: 99; opacity: 1; display: block; visibility: visible; margin-left: 0px; margin-top: 9.5px;"">
<img alt="""" src=""https://www.kbauthority.com/images/A/Produktserie-Duravit-Cape-Cod.jpg""/> </div></div>
</div>
</div>
<p>
<strong>Duravit UV9949 3 7/8 x 7 1/4 Inch Interior Modul (Box with Lid)</strong></p>
<p>
	Duravit has been the Proud Recipient of Numerous International Design Awards.These Awards Celebrate Bold Design, which has Become Duravit’s Hallmark over the Years.Each Duravit Designer is a Specialist in His Field – a Prominent Global Innovator with an Inherent Sense for Good Design. Good Design, as Duravit and Its Designers See It, is never at the Expense of Practicality – Neither is Interested in “Design for Design’s Sake”.That’s You, the Bathroom User, and Your Own Set of Needs and Requirements. Thanks to an Ongoing Dialogue with Its Trade Partners and Sanitary Ware Dealers, Duravit is Best Able to Address these Needs and Requirements in the Brand’s Designs. Simply Put, Duravit Recognizes Good Bathroom Design by the Fact that It Seems Specially-Created to Suit All Individual Tastes.This Fusion of Duravit’s Environmentally-Friendly Production Technologies with the Company’s Meticulous Quality Control Results in Products that are Highly Functional and Long-Lasting.At Duravit, Sustainable Materials, Modern Expertise and the Foresight to Recognize What Will be Important Tomorrow Comprise the Essential Ingredients for Beautiful – and Responsible – Living Bathrooms.</p>
<p>
<strong>Features:</strong></p>
<ul>
<li>
		Interior Module</li>
<li>
		Box with Lid</li>
</ul>
<p>
<strong>Available Finishes:</strong></p>
<ol>
<li>
		American Walnut Solid Wood</li>
<li>
		Maple Solid Wood</li>
</ol>
<p>
<strong>SKU: UV994907777 UV994907878</strong></p>
</div>",,,,,,,,__@ 04053424061672,,,,,,,,,,,,,,,,,,,,,,UV994907777;UV994907878,,https://www.kbauthority.com/images/W/356/UV994907777_Duravit_American_Walnut_Solid_Wood.jpg;https://www.kbauthority.com/images/W/59/UV994907878_Duravit_Maple_Solid_Wood.jpg,"It all began in Hornberg, Germany in 1817 when Georg Friedrich Horn built an earthenware factory initially focused solely on the manufacture of crockery. In 1956, production evolved from earthenware to porcelain, extending the product range to include sanitary ceramics. This provided a platform for future success and also introduced the sanitary world to a new name: Duravit. Today, Duravit AG operates at an international level and boasts 10 production plants with a workforce of more than 5,000 employees worldwide.",
Home > Bath > All Bath Brands > Duravit>Interior Systems,https://www.kbauthority.com/duravit-uv9952-4-1-4-x-14-5-8-inch-interior-modul-narrow-grooved-storage-curved.html,"Duravit UV995207878 4 1/4 x 14 5/8 Inch Interior Modul (Narrow Grooved Storage, Curved), Maple",__@ UV995207878,__@ $254.80,__@ 0%,__@ $160.00,https://www.kbauthority.com/images/T/311/UV9952_Duravit.png,"Duravit UV9952 4 1/4 x 14 5/8 Inch Interior Modul (Narrow Grooved Storage, Curved)
	Duravit has been the Proud Recipient of Numerous International Design Awards.These Awards Celebrate Bold Design, which has Become Duravit’s Hallmark over the Years.Each Duravit Designer is a Specialist in His Field – a Prominent Global Innovator with an Inherent Sense for Good Design. Good Design, as Duravit and Its Designers See It, is never at the Expense of Practicality – Neither is Interested in “Design for Design’s Sake”.That’s You, the Bathroom User, and Your Own Set of Needs and Requirements. Thanks to an Ongoing Dialogue with Its Trade Partners and Sanitary Ware Dealers, Duravit is Best Able to Address these Needs and Requirements in the Brand’s Designs. Simply Put, Duravit Recognizes Good Bathroom Design by the Fact that It Seems Specially-Created to Suit All Individual Tastes.This Fusion of Duravit’s Environmentally-Friendly Production Technologies with the Company’s Meticulous Quality Control Results in Products that are Highly Functional and Long-Lasting.At Duravit, Sustainable Materials, Modern Expertise and the Foresight to Recognize What Will be Important Tomorrow Comprise the Essential Ingredients for Beautiful – and Responsible – Living Bathrooms.
Features:
		Interior Module
		Narrow Grooved Storage
		Curved
Dimensions:
		Width: 14.625 Inch
		Height: 4.25 Inch
Available Finishes:
		American Walnut Solid Wood: UV995207777
		Maple Solid Wood: UV995207878
SKU: UV995207777  UV995207878","<div class=""collapsed"" id=""product_fulldescr"" itemprop=""description"">
<div id=""banner-system-R"">
<div class=""banner-wrapper"">
<div class=""banner-system cycle-slideshow"" data-cycle-auto-height=""860:400"" data-cycle-center-horz=""true"" data-cycle-center-vert=""true"" data-cycle-fx=""none"" data-cycle-slides=""&gt; div"" data-cycle-timeout=""5000"" id=""slideshow66"" style=""height: 329.302px;"">
<div class=""slideshow_content_I_228 cycle-slide cycle-slide-active"" style=""position: absolute; top: 0px; left: 0px; z-index: 99; opacity: 1; display: block; visibility: visible; margin-left: 0px; margin-top: 9.5px;"">
<img alt="""" src=""https://www.kbauthority.com/images/A/Produktserie-Duravit-Cape-Cod.jpg""/> </div></div>
</div>
</div>
<p>
<strong>Duravit UV9952 4 1/4 x 14 5/8 Inch Interior Modul (Narrow Grooved Storage, Curved)</strong></p>
<p>
	Duravit has been the Proud Recipient of Numerous International Design Awards.These Awards Celebrate Bold Design, which has Become Duravit’s Hallmark over the Years.Each Duravit Designer is a Specialist in His Field – a Prominent Global Innovator with an Inherent Sense for Good Design. Good Design, as Duravit and Its Designers See It, is never at the Expense of Practicality – Neither is Interested in “Design for Design’s Sake”.That’s You, the Bathroom User, and Your Own Set of Needs and Requirements. Thanks to an Ongoing Dialogue with Its Trade Partners and Sanitary Ware Dealers, Duravit is Best Able to Address these Needs and Requirements in the Brand’s Designs. Simply Put, Duravit Recognizes Good Bathroom Design by the Fact that It Seems Specially-Created to Suit All Individual Tastes.This Fusion of Duravit’s Environmentally-Friendly Production Technologies with the Company’s Meticulous Quality Control Results in Products that are Highly Functional and Long-Lasting.At Duravit, Sustainable Materials, Modern Expertise and the Foresight to Recognize What Will be Important Tomorrow Comprise the Essential Ingredients for Beautiful – and Responsible – Living Bathrooms.</p>
<p>
<strong>Features:</strong></p>
<ul>
<li>
		Interior Module</li>
<li>
		Narrow Grooved Storage</li>
<li>
		Curved</li>
</ul>
<p>
<strong>Dimensions:</strong></p>
<ul>
<li>
		Width: 14.625 Inch</li>
<li>
		Height: 4.25 Inch</li>
</ul>
<p>
<strong>Available Finishes:</strong></p>
<ol>
<li>
		American Walnut Solid Wood: UV995207777</li>
<li>
		Maple Solid Wood: UV995207878</li>
</ol>
<p>
<strong>SKU: UV995207777  UV995207878</strong></p>
</div>",,,,,,,,__@ 04053424911144,,,,,,,,,,,,,,,,,,,,,,UV995207777;UV995207878,,https://www.kbauthority.com/images/W/59/UV995207777_Duravit_American_Walnut_Solid_Wood.jpg;https://www.kbauthority.com/images/W/356/UV995207878_Duravit_Maple_Solid_Wood.jpg,"It all began in Hornberg, Germany in 1817 when Georg Friedrich Horn built an earthenware factory initially focused solely on the manufacture of crockery. In 1956, production evolved from earthenware to porcelain, extending the product range to include sanitary ceramics. This provided a platform for future success and also introduced the sanitary world to a new name: Duravit. Today, Duravit AG operates at an international level and boasts 10 production plants with a workforce of more than 5,000 employees worldwide.",
Home > Bath > All Bath Brands > Duravit>Interior Systems,https://www.kbauthority.com/duravit-uv9953-4-1-4-x-14-5-8-inch-interior-modul-narrow-grooved-storage-curved.html,"Duravit UV995307878 4 1/4 x 14 5/8 Inch Interior Modul (Narrow Grooved Storage, Curved), Maple",__@ UV995307878,__@ $254.80,__@ 0%,__@ $160.00,https://www.kbauthority.com/images/T/311/UV9953_Duravit.png,"Duravit UV9953 4 1/4 x 14 5/8 Inch Interior Modul (Narrow Grooved Storage, Curved)
	Duravit has been the Proud Recipient of Numerous International Design Awards.These Awards Celebrate Bold Design, which has Become Duravit’s Hallmark over the Years.Each Duravit Designer is a Specialist in His Field – a Prominent Global Innovator with an Inherent Sense for Good Design. Good Design, as Duravit and Its Designers See It, is never at the Expense of Practicality – Neither is Interested in “Design for Design’s Sake”.That’s You, the Bathroom User, and Your Own Set of Needs and Requirements. Thanks to an Ongoing Dialogue with Its Trade Partners and Sanitary Ware Dealers, Duravit is Best Able to Address these Needs and Requirements in the Brand’s Designs. Simply Put, Duravit Recognizes Good Bathroom Design by the Fact that It Seems Specially-Created to Suit All Individual Tastes.This Fusion of Duravit’s Environmentally-Friendly Production Technologies with the Company’s Meticulous Quality Control Results in Products that are Highly Functional and Long-Lasting.At Duravit, Sustainable Materials, Modern Expertise and the Foresight to Recognize What Will be Important Tomorrow Comprise the Essential Ingredients for Beautiful – and Responsible – Living Bathrooms.
Features:
		Interior Module
		Narrow Grooved Storage
		Curved
Dimensions:
		Width: 14.625 Inch
		Height: 4.25 Inch
Available Finishes:
		American Walnut Solid Wood: UV995307777
		Maple Solid Wood: UV995307878
SKU: UV995307777  UV995307878","<div class=""collapsed"" id=""product_fulldescr"" itemprop=""description"">
<div id=""banner-system-R"">
<div class=""banner-wrapper"">
<div class=""banner-system cycle-slideshow"" data-cycle-auto-height=""860:400"" data-cycle-center-horz=""true"" data-cycle-center-vert=""true"" data-cycle-fx=""none"" data-cycle-slides=""&gt; div"" data-cycle-timeout=""5000"" id=""slideshow66"" style=""height: 329.302px;"">
<div class=""slideshow_content_I_228 cycle-slide cycle-slide-active"" style=""position: absolute; top: 0px; left: 0px; z-index: 99; opacity: 1; display: block; visibility: visible; margin-left: 0px; margin-top: 9.5px;"">
<img alt="""" src=""https://www.kbauthority.com/images/A/Produktserie-Duravit-Cape-Cod.jpg""/> </div></div>
</div>
</div>
<p>
<strong>Duravit UV9953 4 1/4 x 14 5/8 Inch Interior Modul (Narrow Grooved Storage, Curved)</strong></p>
<p>
	Duravit has been the Proud Recipient of Numerous International Design Awards.These Awards Celebrate Bold Design, which has Become Duravit’s Hallmark over the Years.Each Duravit Designer is a Specialist in His Field – a Prominent Global Innovator with an Inherent Sense for Good Design. Good Design, as Duravit and Its Designers See It, is never at the Expense of Practicality – Neither is Interested in “Design for Design’s Sake”.That’s You, the Bathroom User, and Your Own Set of Needs and Requirements. Thanks to an Ongoing Dialogue with Its Trade Partners and Sanitary Ware Dealers, Duravit is Best Able to Address these Needs and Requirements in the Brand’s Designs. Simply Put, Duravit Recognizes Good Bathroom Design by the Fact that It Seems Specially-Created to Suit All Individual Tastes.This Fusion of Duravit’s Environmentally-Friendly Production Technologies with the Company’s Meticulous Quality Control Results in Products that are Highly Functional and Long-Lasting.At Duravit, Sustainable Materials, Modern Expertise and the Foresight to Recognize What Will be Important Tomorrow Comprise the Essential Ingredients for Beautiful – and Responsible – Living Bathrooms.</p>
<p>
<strong>Features:</strong></p>
<ul>
<li>
		Interior Module</li>
<li>
		Narrow Grooved Storage</li>
<li>
		Curved</li>
</ul>
<p>
<strong>Dimensions:</strong></p>
<ul>
<li>
		Width: 14.625 Inch</li>
<li>
		Height: 4.25 Inch</li>
</ul>
<p>
<strong>Available Finishes:</strong></p>
<ol>
<li>
		American Walnut Solid Wood: UV995307777</li>
<li>
		Maple Solid Wood: UV995307878</li>
</ol>
<p>
<strong>SKU: UV995307777  UV995307878</strong></p>
</div>",,,,,,,,__@ 04053424911168,,,,,,,,,,,,,,,,,,,,,,UV995307777;UV995307878,,https://www.kbauthority.com/images/W/59/UV995307777_Duravit_American_Walnut_Solid_Wood.jpg;https://www.kbauthority.com/images/W/59/UV995307878_Duravit_Maple_Solid_Wood.jpg,"It all began in Hornberg, Germany in 1817 when Georg Friedrich Horn built an earthenware factory initially focused solely on the manufacture of crockery. In 1956, production evolved from earthenware to porcelain, extending the product range to include sanitary ceramics. This provided a platform for future success and also introduced the sanitary world to a new name: Duravit. Today, Duravit AG operates at an international level and boasts 10 production plants with a workforce of more than 5,000 employees worldwide.",
Home > Bath > All Bath Brands > Duravit>Interior Systems,https://www.kbauthority.com/duravit-uv995500000-4-1-2-x-10-5-8-inch-self-install-dividing-system-including-lid.html,Duravit UV995500000 4 1/2 x 10 5/8 Inch Self-Install Dividing System Including Lid,__@ UV995500000,__@ $249.15,,,https://www.kbauthority.com/images/T/314/UV995500000_Duravit.png,"Duravit UV995500000 4 1/2 x 10 5/8 Inch Self-Install Dividing System Including Lid
	Duravit has been the Proud Recipient of Numerous International Design Awards.These Awards Celebrate Bold Design, which has Become Duravit’s Hallmark over the Years.Each Duravit Designer is a Specialist in His Field – a Prominent Global Innovator with an Inherent Sense for Good Design. Good Design, as Duravit and Its Designers See It, is never at the Expense of Practicality – Neither is Interested in “Design for Design’s Sake”.That’s You, the Bathroom User, and Your Own Set of Needs and Requirements. Thanks to an Ongoing Dialogue with Its Trade Partners and Sanitary Ware Dealers, Duravit is Best Able to Address these Needs and Requirements in the Brand’s Designs. Simply Put, Duravit Recognizes Good Bathroom Design by the Fact that It Seems Specially-Created to Suit All Individual Tastes.This Fusion of Duravit’s Environmentally-Friendly Production Technologies with the Company’s Meticulous Quality Control Results in Products that are Highly Functional and Long-Lasting.At Duravit, Sustainable Materials, Modern Expertise and the Foresight to Recognize What Will be Important Tomorrow Comprise the Essential Ingredients for Beautiful – and Responsible – Living Bathrooms.
Features:
		Dividing System
		Self-Install Dividing System Including Lid
		Black Diamond
		For Vanity Unit
Dimensions:
		Width: 10.625 Inch
		Height: 4.5 Inch
SKU: UV995500000","<div class=""collapsed"" id=""product_fulldescr"" itemprop=""description"">
<div id=""banner-system-R"">
<div class=""banner-wrapper"">
<div class=""banner-system cycle-slideshow"" data-cycle-auto-height=""860:400"" data-cycle-center-horz=""true"" data-cycle-center-vert=""true"" data-cycle-fx=""none"" data-cycle-slides=""&gt; div"" data-cycle-timeout=""5000"" id=""slideshow66"" style=""height: 329.302px;"">
<div class=""slideshow_content_I_228 cycle-slide cycle-slide-active"" style=""position: absolute; top: 0px; left: 0px; z-index: 99; opacity: 1; display: block; visibility: visible; margin-left: 0px; margin-top: 9.5px;"">
<img alt="""" src=""https://www.kbauthority.com/images/A/Produktserie-Duravit-Cape-Cod.jpg""/> </div></div>
</div>
</div>
<p>
<strong>Duravit UV995500000 4 1/2 x 10 5/8 Inch Self-Install Dividing System Including Lid</strong></p>
<p>
	Duravit has been the Proud Recipient of Numerous International Design Awards.These Awards Celebrate Bold Design, which has Become Duravit’s Hallmark over the Years.Each Duravit Designer is a Specialist in His Field – a Prominent Global Innovator with an Inherent Sense for Good Design. Good Design, as Duravit and Its Designers See It, is never at the Expense of Practicality – Neither is Interested in “Design for Design’s Sake”.That’s You, the Bathroom User, and Your Own Set of Needs and Requirements. Thanks to an Ongoing Dialogue with Its Trade Partners and Sanitary Ware Dealers, Duravit is Best Able to Address these Needs and Requirements in the Brand’s Designs. Simply Put, Duravit Recognizes Good Bathroom Design by the Fact that It Seems Specially-Created to Suit All Individual Tastes.This Fusion of Duravit’s Environmentally-Friendly Production Technologies with the Company’s Meticulous Quality Control Results in Products that are Highly Functional and Long-Lasting.At Duravit, Sustainable Materials, Modern Expertise and the Foresight to Recognize What Will be Important Tomorrow Comprise the Essential Ingredients for Beautiful – and Responsible – Living Bathrooms.</p>
<p>
<strong>Features:</strong></p>
<ul>
<li>
		Dividing System</li>
<li>
		Self-Install Dividing System Including Lid</li>
<li>
		Black Diamond</li>
<li>
		For Vanity Unit</li>
</ul>
<p>
<strong>Dimensions:</strong></p>
<ul>
<li>
		Width: 10.625 Inch</li>
<li>
		Height: 4.5 Inch</li>
</ul>
<p>
<strong>SKU: UV995500000</strong></p>
</div>",,,,,,,,__@ 04053424726885,,,,,,,,,,,,,,,,,,,,,,,,,"It all began in Hornberg, Germany in 1817 when Georg Friedrich Horn built an earthenware factory initially focused solely on the manufacture of crockery. In 1956, production evolved from earthenware to porcelain, extending the product range to include sanitary ceramics. This provided a platform for future success and also introduced the sanitary world to a new name: Duravit. Today, Duravit AG operates at an international level and boasts 10 production plants with a workforce of more than 5,000 employees worldwide.",
Home > Bath > All Bath Brands > Duravit>Interior Systems,https://www.kbauthority.com/duravit-xs9948-xsquare-3-7-8-x-6-1-4-inch-box-for-mirror-cabinet.html,"Duravit XS994807878 XSquare 3 7/8 x 6 1/4 Inch Box for Mirror Cabinet, Maple",__@ XS994807878,__@ $237.87,__@ 0%,__@ $135.00,https://www.kbauthority.com/images/T/311/1805577_web2_prod_normal_2.jpg,"Duravit XS9948 XSquare 3 7/8 x 6 1/4 Inch Box for Mirror CabinetDuravit has been the Proud Recipient of Numerous International Design Awards.These Awards Celebrate Bold Design, which has Become Duravit’s Hallmark over the Years.Each Duravit Designer is a Specialist in His Field – a Prominent Global Innovator with an Inherent Sense for Good Design. Good Design, as Duravit and Its Designers See It, is never at the Expense of Practicality – Neither is Interested in “Design for Design’s Sake”.That’s You, the Bathroom User, and Your Own Set of Needs and Requirements. Thanks to an Ongoing Dialogue with Its Trade Partners and Sanitary Ware Dealers, Duravit is Best Able to Address these Needs and Requirements in the Brand’s Designs. Simply Put, Duravit Recognizes Good Bathroom Design by the Fact that It Seems Specially-Created to Suit All Individual Tastes.This Fusion of Duravit’s Environmentally-Friendly Production Technologies with the Company’s Meticulous Quality Control Results in Products that are Highly Functional and Long-Lasting.At Duravit, Sustainable Materials, Modern Expertise and the Foresight to Recognize What Will be Important Tomorrow Comprise the Essential Ingredients for Beautiful – and Responsible – Living Bathrooms.The Xsquare Bathroom Furniture Range Combines Different Materials to Produce Something Quite New.The Wooden Finishes of the Cabinets and Vanity Units Contrast with the Striking Chrome Profiles that Feature Throughout the Range and Lend It an Exciting, High-Class Style.Features:Box For Mirror Cabinet Design by Kurt Merki Jr. Xsquare CollectionAvailable Finishes:American Walnut Solid Wood: XS994807777Maple Solid Wood: XS994807878 SKU: XS994807777 XS994807878","<div class=""collapsed"" id=""product_fulldescr"" itemprop=""description"">
<div id=""banner-system-R"">
<div class=""banner-wrapper"">
<div class=""banner-system cycle-slideshow"" data-cycle-auto-height=""860:400"" data-cycle-center-horz=""true"" data-cycle-center-vert=""true"" data-cycle-fx=""none"" data-cycle-slides=""&gt; div"" data-cycle-timeout=""5000"" id=""slideshow66"" style=""height: 329.302px;"">
<div class=""slideshow_content_I_228 cycle-slide cycle-slide-active"" style=""position: absolute; top: 0px; left: 0px; z-index: 99; opacity: 1; display: block; visibility: visible; margin-left: 0px; margin-top: 9.5px;"">
<img alt="""" src=""https://www.kbauthority.com/images/A/Produktserie-Duravit-Cape-Cod.jpg""/> </div></div>
</div>
</div>
<p><strong>Duravit XS9948 XSquare 3 7/8 x 6 1/4 Inch Box for Mirror Cabinet</strong></p><p>Duravit has been the Proud Recipient of Numerous International Design Awards.These Awards Celebrate Bold Design, which has Become Duravit’s Hallmark over the Years.Each Duravit Designer is a Specialist in His Field – a Prominent Global Innovator with an Inherent Sense for Good Design. Good Design, as Duravit and Its Designers See It, is never at the Expense of Practicality – Neither is Interested in “Design for Design’s Sake”.That’s You, the Bathroom User, and Your Own Set of Needs and Requirements. Thanks to an Ongoing Dialogue with Its Trade Partners and Sanitary Ware Dealers, Duravit is Best Able to Address these Needs and Requirements in the Brand’s Designs. Simply Put, Duravit Recognizes Good Bathroom Design by the Fact that It Seems Specially-Created to Suit All Individual Tastes.This Fusion of Duravit’s Environmentally-Friendly Production Technologies with the Company’s Meticulous Quality Control Results in Products that are Highly Functional and Long-Lasting.At Duravit, Sustainable Materials, Modern Expertise and the Foresight to Recognize What Will be Important Tomorrow Comprise the Essential Ingredients for Beautiful – and Responsible – Living Bathrooms.</p><p>The Xsquare Bathroom Furniture Range Combines Different Materials to Produce Something Quite New.The Wooden Finishes of the Cabinets and Vanity Units Contrast with the Striking Chrome Profiles that Feature Throughout the Range and Lend It an Exciting, High-Class Style.</p><p><strong>Features:</strong></p><ul><li>Box </li><li>For Mirror Cabinet </li><li>Design by Kurt Merki Jr. </li><li>Xsquare Collection</li></ul><p><strong>Available Finishes:</strong></p><ol><li>American Walnut Solid Wood: XS994807777</li><li>Maple Solid Wood: XS994807878 </li></ol><p><strong>SKU: XS994807777 XS994807878 </strong></p>
</div>",,,,,,,,__@ 04053424681634,,,,,,,,,,,,,,,,,,,,,,XS994807777;XS994807878,https://www.kbauthority.com/files/PDF/Duravit/XS9948.pdf,,"It all began in Hornberg, Germany in 1817 when Georg Friedrich Horn built an earthenware factory initially focused solely on the manufacture of crockery. In 1956, production evolved from earthenware to porcelain, extending the product range to include sanitary ceramics. This provided a platform for future success and also introduced the sanitary world to a new name: Duravit. Today, Duravit AG operates at an international level and boasts 10 production plants with a workforce of more than 5,000 employees worldwide.",__@ XSquare
Home > Bath > All Bath Brands > Duravit>Interior Systems,https://www.kbauthority.com/duravit-xv9948-xviu-3-7-8-x-6-1-4-inch-box-for-mirror-cabinet.html,"Duravit XV994807878 XViu 3 7/8 x 6 1/4 Inch Box for Mirror Cabinet, Maple",__@ XV994807878,__@ $237.87,__@ 0%,__@ $150.00,https://www.kbauthority.com/images/T/311/XV9948_Duravit.jpg,"Duravit XV9948 XViu 3 7/8 x 6 1/4 Inch Box for Mirror Cabinet
	Duravit has been the Proud Recipient of Numerous International Design Awards.These Awards Celebrate Bold Design, which has Become Duravit’s Hallmark over the Years.Each Duravit Designer is a Specialist in His Field – a Prominent Global Innovator with an Inherent Sense for Good Design. Good Design, as Duravit and Its Designers See It, is never at the Expense of Practicality – Neither is Interested in “Design for Design’s Sake”.That’s You, the Bathroom User, and Your Own Set of Needs and Requirements. Thanks to an Ongoing Dialogue with Its Trade Partners and Sanitary Ware Dealers, Duravit is Best Able to Address these Needs and Requirements in the Brand’s Designs. Simply Put, Duravit Recognizes Good Bathroom Design by the Fact that It Seems Specially-Created to Suit All Individual Tastes.This Fusion of Duravit’s Environmentally-Friendly Production Technologies with the Company’s Meticulous Quality Control Results in Products that are Highly Functional and Long-Lasting.At Duravit, Sustainable Materials, Modern Expertise and the Foresight to Recognize What Will be Important Tomorrow Comprise the Essential Ingredients for Beautiful – and Responsible – Living Bathrooms.
	The Post-Industrial Elegance of the Pieces Emerges From the Interaction of Soft, Organic Forms with a Precise Geometry and Details Finished to a Previously Unattainable Level of Perfection. Sharp Contrasts Arise From Surfaces that Combine the Finest Ceramics, Glass and Metal with Matt Lacquers Or High-Quality Woods.
	The Post-Industrial Elegance of the Pieces Emerges From the Interaction of Soft, Organic Forms with a Precise Geometry and Details Finished to a Previously Unattainable Level of Perfection. Sharp Contrasts Arise From Surfaces that Combine the Finest Ceramics, Glass and Metal with Matt Lacquers Or High-Quality Woods.
Features:
		Box
		For Mirror Cabinet
		Design by Sieger Design
		Xviu Collection
Available Finishes:
		American Walnut: XV994807777
		Maple: XV994807878
SKU: XV994807777 XV994807878","<div class=""collapsed"" id=""product_fulldescr"" itemprop=""description"">
<div id=""banner-system-R"">
<div class=""banner-wrapper"">
<div class=""banner-system cycle-slideshow"" data-cycle-auto-height=""860:400"" data-cycle-center-horz=""true"" data-cycle-center-vert=""true"" data-cycle-fx=""none"" data-cycle-slides=""&gt; div"" data-cycle-timeout=""5000"" id=""slideshow66"" style=""height: 329.302px;"">
<div class=""slideshow_content_I_228 cycle-slide cycle-slide-active"" style=""position: absolute; top: 0px; left: 0px; z-index: 99; opacity: 1; display: block; visibility: visible; margin-left: 0px; margin-top: 9.5px;"">
<img alt="""" src=""https://www.kbauthority.com/images/A/Produktserie-Duravit-Cape-Cod.jpg""/> </div></div>
</div>
</div>
<p>
<strong>Duravit XV9948 XViu 3 7/8 x 6 1/4 Inch Box for Mirror Cabinet</strong></p>
<p>
	Duravit has been the Proud Recipient of Numerous International Design Awards.These Awards Celebrate Bold Design, which has Become Duravit’s Hallmark over the Years.Each Duravit Designer is a Specialist in His Field – a Prominent Global Innovator with an Inherent Sense for Good Design. Good Design, as Duravit and Its Designers See It, is never at the Expense of Practicality – Neither is Interested in “Design for Design’s Sake”.That’s You, the Bathroom User, and Your Own Set of Needs and Requirements. Thanks to an Ongoing Dialogue with Its Trade Partners and Sanitary Ware Dealers, Duravit is Best Able to Address these Needs and Requirements in the Brand’s Designs. Simply Put, Duravit Recognizes Good Bathroom Design by the Fact that It Seems Specially-Created to Suit All Individual Tastes.This Fusion of Duravit’s Environmentally-Friendly Production Technologies with the Company’s Meticulous Quality Control Results in Products that are Highly Functional and Long-Lasting.At Duravit, Sustainable Materials, Modern Expertise and the Foresight to Recognize What Will be Important Tomorrow Comprise the Essential Ingredients for Beautiful – and Responsible – Living Bathrooms.</p>
<p>
	The Post-Industrial Elegance of the Pieces Emerges From the Interaction of Soft, Organic Forms with a Precise Geometry and Details Finished to a Previously Unattainable Level of Perfection. Sharp Contrasts Arise From Surfaces that Combine the Finest Ceramics, Glass and Metal with Matt Lacquers Or High-Quality Woods.</p>
<p>
	The Post-Industrial Elegance of the Pieces Emerges From the Interaction of Soft, Organic Forms with a Precise Geometry and Details Finished to a Previously Unattainable Level of Perfection. Sharp Contrasts Arise From Surfaces that Combine the Finest Ceramics, Glass and Metal with Matt Lacquers Or High-Quality Woods.</p>
<p>
<strong>Features:</strong></p>
<ul>
<li>
		Box</li>
<li>
		For Mirror Cabinet</li>
<li>
		Design by Sieger Design</li>
<li>
		Xviu Collection</li>
</ul>
<p>
<strong>Available Finishes:</strong></p>
<ol>
<li>
		American Walnut: XV994807777</li>
<li>
		Maple: XV994807878</li>
</ol>
<p>
<strong>SKU: XV994807777 XV994807878 </strong></p>
</div>",,,,,,,,__@ 04053424885544,,,,,,,,,,,,,,,,,,,,,,XV994807777;XV994807878,https://www.kbauthority.com/files/PDF/Duravit/XV9948.pdf,,"It all began in Hornberg, Germany in 1817 when Georg Friedrich Horn built an earthenware factory initially focused solely on the manufacture of crockery. In 1956, production evolved from earthenware to porcelain, extending the product range to include sanitary ceramics. This provided a platform for future success and also introduced the sanitary world to a new name: Duravit. Today, Duravit AG operates at an international level and boasts 10 production plants with a workforce of more than 5,000 employees worldwide.",__@ XViu
